{"charger_exist":false,"charger_r":0.0,"charger_x":0.0,"charger_y":0.0,"create_date":"2025-06-12 17:07","databaseIndex":6,"isPublic":false,"isSynced":false,"map_uri":"/sdcard/Android/data/com.nuwarobotics.service.rosservice/files/MapInfo/6/","max_map_height":2048,"max_map_width":2048,"name":"NUWA_TP_OFFICE_3F","owner_sn":"10391QYNSD250600004","thumbnail":"/sdcard/Android/data/com.nuwarobotics.service.rosservice/files/MapInfo/6/thumb.png","update_date":"2025-08-14 15:35","uuid":"684a98e0b537bd0011975a9c"}