{"charger_exist":false,"charger_r":0.0,"charger_x":0.0,"charger_y":0.0,"create_date":"2025-09-15 15:37","databaseIndex":16,"isPublic":false,"isSynced":false,"map_uri":"/storage/emulated/0/Android/data/com.nuwarobotics.service.rosservice/files/MapInfo/16/","max_map_height":2048,"max_map_width":2048,"name":"F16","owner_sn":"10391ZNNSD240400008","thumbnail":"/storage/emulated/0/Android/data/com.nuwarobotics.service.rosservice/files/MapInfo/16/thumb.png","update_date":"2025-09-16 12:47","uuid":"68c7c249e8e1b701915c614d"}