{"charger_exist":true,"charger_r":-173.0,"charger_x":-7.836,"charger_y":7.166,"create_date":"2025-06-12 15:14","databaseIndex":4,"isPublic":false,"isSynced":false,"map_uri":"/sdcard/Android/data/com.nuwarobotics.service.rosservice/files/MapInfo/4/","max_map_height":2048,"max_map_width":2048,"name":"NUWA_TP_OFFICE_1F","owner_sn":"10391QYNSD250600012","thumbnail":"/sdcard/Android/data/com.nuwarobotics.service.rosservice/files/MapInfo/4/thumb.png","update_date":"2025-09-04 18:34","uuid":"684a7e4fa0032f0012b0227e"}